Codigo_Auditoria,Código Establecimiento,Auditoría Nº,Fecha Auditoría,Alcances de la Auditoría,Conformidades,Acta_Multinfuncion,No Conformidades,Detalle Anexo Auditoria,Conclusiones,Material Adjunto,Anexo Auditoria Nº
1,"est001",1,"12/03/14 00:00:00",,,,,,,,
2,,2,,,,,,,,,
4,,4,,,,,,,,,
7,,7,,,,,,,,,
8,,8,,,,,,,,,
9,,9,,,,,,,,,
11,,11,,,,,,,,,
14,,14,,,,,,,,,
15,,15,,,,,,,,,
20,"EST007",20,"09/14/11 00:00:00","CONDICIONES EDILICIAS- PROCESOS DE HIGIENE Y DESINFECCIÓN.",,,"DEBEN ACONDICIONARSE FRISOSY TECHO EN LA SALA DE CUARTEO Y ELABORACIÓN DE REBOZADOS. DEBEN REFORZARSE CONCEPTOS DE BUENAS PRACTICAS DE MANUFACTURA A TRAVES DE LA TRAMITACIÓN DE CARNET DE MANIPULADOR.",,"ES CONCLUSIÓN DE ESTA AUDITORIA PESE A LAS NO CONFORMIDADES DESTACADAS MANTENER EL ALTA DEL ESTABLECIMIENTO.",,
30,,30,,,,,,,,,
31,,31,,,,,,,,,
34,"EST039",34,"07/31/12 00:00:00","CONDICIONES EDILICIAS-BPM",,,,,,,
36,"EST052",36,"08/27/12 00:00:00","CONDICIONES EDILICIAS- BPM",,,"DEBE TRAMITARSE CARNET DE MANIPULADOR DE ALIMENTOS- FALTA ACTUALIZAR Y TRAMITAR LIBRETAS SANITARIAS-DEBE COMPLETARSE INSTALACIÓN DE SISPOSITIVO DE PROVISIÓ DE AGUA FRÍA Y CALIENTE PARA LAVADO DE MANOS Y UTENSILIOS",,"ESTAN DADAS LAS CONDICIONES MÍNIMAS INDISPENSABLES PARA EL ALTA DEL ESTABLECIMIENTO",,
41,"EST046",41,"04/12/13 00:00:00",,,,,,,,
45,,45,,,,,,,,,
51,,51,,,,,,,,,
55,,55,,,,,,,,,
59,,59,,,,,,,,,
62,,62,,,,,,,,,
64,,64,,,,,,,,,
72,,72,,,,,,,,,
73,,73,,,,,,,,,
75,,75,,,,,,,,,
82,,82,,,,,,,,,
83,,83,,,,,,,,,
85,"est087",85,"02/11/16 00:00:00","condiciones  EDILICIAS- BUENAS PRACTICAS DE MANUFACTURA","DOCUMENTACIÓN Y EQUIPAMIENTO ADECUADOS A LAS PRESTACIONES DEL EMPRENDIMIENTO",,"DEBE IMPERMEABILIZARSE FRISO ADYACENTE A MESA DE TRABAJO A FIN DE GARANTIZAR UN ÓPTIMO PROCESO DE HIIGIENE Y DESINFECCIÓN. DEBE PLANIFICARSE UN PROGRAMA DE REMODELACIÓNDE CIELORRASOS Y FRISOS EN GENERAL, REEMPLAZANDO LOS ACTUALES POR OTROS DE SUPERFICIES LISAS Y UNIFORMES QUE FAVOREZCAN EL DESARROLLO DE INSTRUCTIVOS DE LIMPIEZA Y DESINFECCIÓN","LISAS Y UNIFORMES QUE FAVOREZCAN EL DESARROLLO DE INSTRUCTIVOS DE LIMPIEZA Y DESINFECCIÓN","ES CONCLUSIÓN DE ESTA AUDITORÍA PESE  A LAS NO CONFORMIDADES DESTACADAS OTORGAR EL ALTA DEL ESTABLECIMIENTO",,"001"
90,,90,,,,,,,,,
91,,91,,,,,,,,,
93,,93,,,,,,,,,
97,,97,,,,,,,,,
98,,98,,,,,,,,,
99,,99,,,,,,,,,
100,,100,,,,,,,,,
101,,101,,,,,,,,,
103,,103,,,,,,,,,
105,,105,,,,,,,,,
106,,106,,,,,,,,,
107,,107,,,,,,,,,
108,,108,,,,,,,,,
109,,109,,,,,,,,,
110,,110,,,,,,,,,
111,,111,,,,,,,,,
114,,114,,,,,,,,,
115,,115,,,,,,,,,
116,,116,,,,,,,,,
117,,117,,,,,,,,,
118,,118,,,,,,,,,
119,,119,,,,,,,,,
121,,121,,,,,,,,,
122,,122,,,,,,,,,
123,,123,,,,,,,,,
124,,124,,,,,,,,,
125,,125,,,,,,,,,
65,"EST070",65,"09/25/14 00:00:00","CONDICIONES EDILICIAS- BUENAS PRÁCTICAS DE MANUFACTURA","OPTOMA CONCICIÓN DE FRISOS, PISOS Y ESTANTERÍAS- BUENA DISPOSICIÓN DE MERCADERÍAS EN ANAQUELES PARA FACILITAR PROCEDIMIENTOS DE HIGIENE Y DESINFECCIÓN",,"DEBEN TRAMITARSE CARNETS DE MANIPULADORES DEL PERSONAL- DEBE COLOCARSE DISPOSITIVO DE PROVISIÓN DE AGUA Y DISPENSERS DE DETERGENTE Y DESINFECTANTE PARA HIGIENE DE MANOS Y UTENSILIOS- DEBE COMPLETARSE SEPARACIÓN FÍSICA DE ÁMBITO COMERCIAL Y DOMÉSTICO",,"ES CONCLUSIÓN DE ESTA AUDITORÍA PESE A LAS NO CONFORMIDADES DESTACADAS OTORGAR EL ALTA DEL ESTABLECIMIENTO",,
131,"EST129",131,"02/07/19 00:00:00","CONDICIONES EDILICIAS- BPM- DOCUMENTACION GENERAL","DOCUMENTACION GENERAL ACORDE A LOS REQUERIMIENTOS DEL AREA- FRISOS Y TECHOS SE AJUSTAN A LAS DEMANDAS DEL EMPRENDIMIENTO.",,"DEBE TRAMITARSE CARNET DE MANIPULACION ASSAL- DEBEN IMPERMEABILIZARSE MOSTRADOR Y MESA DE TRABAJO PARA GARANTIZAR DESARROLLO DE PROCESOS DE LIMPIEZA Y DESINFECCIÓN
DEBE ACONDICIONARSE PISOS"," PARA FAVORECER IMPLEMENTACIÓN DE PROCESOS DE SANITIZACIÓN","PARA EL OTORGAMIENTO DEL ALTA DEBEN CUMPLIMENTARSE DEMANDAS DE IMPERMEABILIZACION DE MOSTRADOR Y MESA DE TRABAJO PARA GARANTIZAR SUPERFICIES INOCUAS  Y EVITAR LA CONTAMINACIÓN CRUZADA",,"001"
132,"est129",132,"03/25/19 00:00:00","Condciones edilicias- Documentación","Condiciones edilicias acordes a prestaciones del emprendimiento.
Documentación general adecuada a requerimientos del área",,"Deben tramitarse carnets de manipulación de titular y personal.",,"Es conclusión de esta auditoria que estan dadas las condiciones mínimas indispensables para el otorgamiento del alta del establecimiento",,
66,"EST071",66,"10/01/14 00:00:00","CONDICIONES EDILICIAS- BUENS PRÁCTICAS DE MANUFACTURA","CONDICIÓN ACEPTABLE DE EQUIPAMIENTO Y UTENSILIOS FUNCIONAL A LOAS PRESTACIONES HIGIÉNICO SANITARIAS DEL EMPRENDIMIENTO",,"DEBEN TRAMITARSE CARNET DE MANIPULADORES DEL PERSONAL- DEBEN PRESENTARSE LIBRETAS SANITARIAS DEL PERSONAL- DEBE PROVEEERSE DE DISPOSITIVO PARA HIGIENE DE MANOS Y UTENSILIOS EN ÁMBITO DE BARRA DE DESPACHO- DEBE DEFINIRSE UNA LOCACIÓN  PARA HIGIENE","Y DESINFECCIÓN DE VAJILLA SIN ACCESO AL PÚBLICO Y COVENIENTEMENTE SEPARADA DE LA VIA DE INGRESO A LOS SANITARIOS","ES CONCLUSIÓN DE ESTA AUDITORÍA PESE A LAS NO CONFORMIDADES DESTACADAS OTORGAR EL ALTA DEL ESTABLECIMIENTO",,"001"
140,"est132",,"08/01/19 00:00:00","Condiciones edilicias- Buenas Practicas de Manufactura-Documentación","Estructura adecuada para requerimientos sanitarios  del emprendimiento - Documentacion ajustada a requemientos del Área-",,"Falta carnet de manipulación del titular",,"Se concluye que están dadas las condiciones para el otorgamiento del alta requerida",,
141,"est135",,"10/02/19 00:00:00","CONDICIONES EDILICIAS Y ESTRUCTURAS- DOCUMENTACION","La documentación presentada se ajusta en términos generales a los requerimientos del área.
La condición general de frisos, cielorraso y pisos es aceptable. Las estructuturas cumplen con las condiciones sanitarias minimas indispensables.",,"Deben tramitarse carnets de manipulación segura y saludable de titular y personal del establecimiento. Deben reemplazarse algunas estructuras de madera utilizadas como soporte para el corte de fiambres y lacteos por otras de conveniente aptitud sanitaria",,"Se concluye que pese a las No Conformidades destacadas el establecimiento reúne las condiciones sanitarias y edilicias mínimas indispensables para el otorgamiento del alta",,
142,"EST118",142,"11/26/19 00:00:00","Condicones edilicias- Documentacion","Acredita  documentacion general acorde a requerimientos del área- En el área afectada a cocina se releva condición aceptable de pisos, frisos , paredes , estructuras y equipamiento","Acta Nº 121","El sector afectado a cocina presenta  contigüidad  con un área externa pudiendo propiciar esto el ingreso de vectores con eventual riesgo para los alimentos manipuladoss en el sector",,"Están dadas las condiciones mínimas indispensables para el otorgamiento del Alta Condicionada del establecimiento sujeta a la resolución del empazamiento consignado en Acta  Nº 121 en los plazos estipulados en la misma.",,
113,"EST071",113,"07/27/17 00:00:00","CONCICIONES EDILICIAS- BUENAS PRÁCTICAS DE MANUFACTURA","CONDICIONES EDILICIAS EN GENERAL APTAS PARA EL DESARROLLO DEL EMPRENDIMIENTO",,"NO ACREDITAN CARNETS DE MANIPULACIÓN SEGURA DEL PERSONAL- DEBEN ACENTUARSE MANIOBRAS DE HIGIENE DE TECHO DE COCINA Y APARATOS (HORNOS Y FREIDORA)- FALTA DESINFECTANTE CON REGISTRO DE PRODUCTO DOMISANITARIO- NO SE CONSTATÓ LA EXISTENCIA DE RECEPTÁCULO PARA RESIDUOS-","RESIDUOS- DEBEN ELIMINARSE TABLAS EE MADERAY RENOVAR LAS DE PLÁSTICO","ES CONCLUSIÓN DE ESTA AUDITORÍA PESE A LAS NO CONFORMIDADES DESTACADAS MANTENER EL ALTA DEL ESTABLECIMIENTO",,
143,"EST137",143,,"CONDICIONES EDILICIAS-DOCUMENTACIÓN GENERAL","Documentación general (carnets de manipulación , croquis, fotocopia constancia de CUIT y DNI) y Condiciones edilicias generales (frisos,pisos,cielorrasos, estructuras, maquinarias y utensilios) acordes a las prestaciones del emprendimiento",,"Falta completar impermeabilización de puerta de ingreso a sector de elaboración.",,"Se concluye que están dadas las condiciones mínimas indispensables para el otorgamiento del alta solicitada",,
144,"est138",,"01/22/20 00:00:00","Condiciones edilicias- Documentación- BPM","Presenta Croquis del establecimiento, fotocopias de DNI y Constancia de CUIT y LS  en conformidad a requerimientos del área- Condiciones de frisos, pisos y cielorraso aceptables. Sanitario en condición aceptable-","124","Debe colocar dispositivo de provisión de agua  en despacho- Deben disponerse la totalidad de mercancías sobre estanterías a prudente distancia del suelo para facilitar el lavado del mismo- Debe tramitarse el carnet de manipulación.",,"Es conclusión de esta auditoría que estan dadas las condiciones mínimas indispensables para el otorgamiento del alta del establecimiento",,
145,"EST140",145,"04/29/20 00:00:00","CONDICIONES EDILICIAS- DOCUMENTACIÓN","CONDICION ACEPTABLE DE PISOS, FRISOS Y TECHOS.  DOCUMETACIÓN  GENERAL ACORDE A LOS REQUERIMIENTOS DEL AREA","00126","FALTA DISPOSITIVO DE PROVISON DE AGUA PARA LAVADO DE MANOS Y UTENSILIOS EN AMBITO DE DESPACHO-  DEBEN TRAMITAR CARNETS DE MANIPULACIÓN DE TITULAR Y PERSONAL DEL ESTABLECIMIENTO",,"SE CONCLUYE QUE ESTAN DADAS LAS CONDICIONES MINIMAS INDISPENSABLES PARA EL OTORGOMANIENTO DEL ALTA",,
146,"est139",,"05/04/20 00:00:00","Condiciones edilicias- Documentación","Documentacióm general acorde a los requerimientos del area-","0127","Deben tramitarse carnets de manipulacion de titular y personal del establecimiento-El cielorraso y los frisos no grarantian el optimo desempeño de instructivos de limpieza y desinfección-Las luminarias no tienen protección anti rotura-",,"Es conclusión de esta auditoria que estan dadas las condiciones mínimas indispensables para el otorgamiento del alta  solicitada",,
67,"EST072",67,"10/03/14 00:00:00","CONDICIONES EDILICIAS- BUENAS PRACTICAS DE MANUFACTURA","CONDICON ACEPTABLE DE EQUIPAMIENTO Y UTENSILIOS FUNCIONAL A LAS PRESTACIONES HIGIÉNICO SANITARIAS DEL EMPRENDIMIENTO",,"DEBEN TRAMITARSE CARNETS DE MANIPULADORES DEL PERSONAL",,"ES CONCLUSIÓN DE ESTA AUDITORÍA PESE A LAS NO CONFORMIDADES DESTACADAS OTORGAR EL ALTA DEL ESTABLECIMIENTO",,
148,"est143",,"05/13/20 00:00:00","Condiciones edilicias-Documentación","Documentación general y condición edilicia de frisos , techos y pisos acordes a requerimientos del área","000129","Falta carnet de manipulación segura y saludable de alimentos  de titular y personal- Debe colocarse dispositivo de provisión de agua para lavado de manos y utensilios.",,"Se concluye que estan dadas las condiciones minimas indispensables para el otorgamiento del alta al establecimiento",,
149,"est145",149,"06/17/20 00:00:00","Documentación- Condiciones edilicias","Documentación general acorde a los requerimientos del área- Condiciónes de frisos , pisos y estructuras  aceptables en ambitos de elaboración y despacho.",,"Deben tramitarse carnets de manipulacion segura y saludable-Deben reacondicionarse pintura y malla anti plagas de boca de extractor de sector de lavado- Debe suprimirse el uso de esponjas metalicas-Deben eliminarse elementos superfuos del depósito","Debe reacondicionarse en cielorraso de sector de elaboración un  área que evidencia compromiso de la pintura y descascaramiento de la misma-Deben mejorarse estanterias de refrigeradores que presentan vestigios de oxido.","Es conclusión de esta auditoría que están dadas las condiciones minimas indispensables para el otorgamiento del alta del establecimiento",,"1"
13,,13,,,,,,,,,
29,,29,,,,,,,,,
54,,54,,,,,,,,,
80,,80,,,,,,,,,
150,"EST131",150,"07/30/20 00:00:00","CONDICONES EDILICIAS-DOCUMENTACION","DOCUMENTACION GENERAL ACORDE A REQUERIMIENTOS DEL AREA-",,"EN DEPOSITO DEBE MEJORARSE EL ORDEN PARA FACILITAR LAS TAREAS DE LIMPIEZA Y DESINFECCIÓN EVITANDO LA DISPOSICION DE MERCANCIAS EN EL SUELO- DEBE COLOCARSE CERRAMIENTO QUE EVITE EL CONTACTO DE LAS DEPENDENCIAS COMERCIALES CON EL AMBITO DOMESTICO",,"ES CONCLUSIÓN DE ESTA AUDITORIA EL OTORGAMIENTO DEL ALTA SOLICITADA",,
18,,18,,,,,,,,,
27,,27,,,,,,,,,
33,,33,,,,,,,,,
68,"EST072",68,"10/09/14 00:00:00",,,"65",,,,,
94,,94,,,,,,,,,
104,,104,,,,,,,,,
112,,112,,,,,,,,,
120,,120,,,,,,,,,
69,"EST074",69,"10/30/14 00:00:00","CONDICIONES EDILICIAS- BUENAS  PRÁCTICAS DE MANUFACTURA","CONDICIONE EDILICIAS ACORDES A LAS PRESTACIONES DEL ESTABECIMIENTO",,"DEBEN TRAMITARSE CARNETS DE MANIPULADORES DEL PERSONAL- DEBEN PRESENTARSE LIBRETAS SANITARIAS DEL PERSONAL",,"ES CONCLUSIÓN DE ESTA AUDITPRÍA PESE A LAS NO CONFORMIDADES DESTACADAS OTORGAR EL ALTA DEL ESTABLECIMIENTO",,
151,"est147",151,"01/30/09 00:00:00","Condiciones edilicias- Documentación","Documentación general ( constancias de CUIT, fotocopias de DNI, croquis del establecimiento) acordes a requerimientos del area.",,"Falta carnet de manipuación segura y saludable- El cielorraso del area de elaboración no ofrece condiciones optimas para el cumplimiento de los procesos de limpieza y desinfección-",,"Es conclusión de esta auditoria el otorgamiento del alta solicitada",,
153,"est149",153,"08/21/20 00:00:00","Condiciones edilicias-Documentación","Cielorrasos, frisos y pisos conforme los requerimientos de la acticvidad a desarrollar-Documentación  general en correspondencia con las demandas normativas",,"Faltan carnets de manipulación segura y saludable de personal y titular-Existe un mecanismo provisorio consistente en dispenser, bacha y depósito de desagote (bidon cerrado)   para la provisión de agua para lavado de manos y utensilios",,"Estan dadas las condiciones mínimas indispensables para el otorgamiento de el ALTA CONDICIONADA  del establecimiento hasta la resolución definitiva del mecanismo de provisión de agua",,
154,"est152",154,"11/04/20 00:00:00","Condiciones edilicias- Documentación-BPM","Documentación general acorde a requerimientos del área-Pisos, frisos y dispositivo de provison de agua aptos para el desarrollo de la actividad",,"Debe mantenerse cerrada la abertura que comunica ambito comercial con dependencias domésticas- Deben colocarse tapas de cajas de electricidad- Falta detergente, desinfectamte y cepillo  en bacha para higiene de manos y utensilios-",,"Es conclusión de esta auditoria que estan dadas las condiciones mínimas indispensables para el otorgamiento del alta del establecimiento",,
155,"Est153",155,,"Documentación- Condiciones edilicias","Documentación general acorde a requerimientos de normativa del área- Condiciones edilicias de frisos, pisos y cielorraso aceptables-  Condición de estructuras  y herramientas aceptable","138","Debe completarse conexión de desagote de dispositivo de provisión de agua a red de efluentes- Falta carnet de manipulación segura y saludable de titular y/o personal",,"Se concluye que estan dadas las condiciones mínimas indispensables para el otorgamiento del alta del establecimiento",,
70,"EST075",70,"10/06/14 00:00:00","CONDICIONES EDILICIAS- BUENAS PRACTICAS DE MANUFACTURA",,,"DEBE TRAMITARSE EL CARNET DE MANIPULADOR- DEBE INEPENDIZARSE EL ÁMBITO COMERCIAL DEL DOMÉSTICO DE CORMA COMPLETA- DEBE INSTALARSE DISPOSITIVO DE PROVISIÓN DE AGUA PARA HIGIENME DE MANOS Y UTENSILIOS-",,"ES CONCLUSIÓN DE ESTA AUDITORÍA PESE A LAS NO CONFORMIDADES DESTACADAS OTORGAR EL ALTA DEL ESTABLECIMIENTO",,
156,"est151",156,"11/04/20 00:00:00","Condiciones edilicias- Documentación","Frisos, pisos, cielorraso acordes a las requerimientos del emprendimiento- Documentación general conforme a los requerimientos normativos.",,"Falta tramitar el carnet de manipulación segura y saludable de alimentos del personal- Debe evitarse el depósito de mercaderias en el piso - Deben implementarse las medidas necesarias para garantizar la separación física completa del ambito domestico",,"Se concluye que están dadas las condiciones mínimas indispensables para el otorgamiento del alta",,
157,"est154",157,"11/05/20 00:00:00","Condiciones edilicias. Documentación","Condiciones edilicias y documentación general acordes a requerimientos normativos",,"Debe tramitarse el carnet de manipulación segura y saludable de alimentos de personal-Deben colocarse dispensers de detergente y desinfectante y cepillo para manos y utensilios en adyacencias de dispositivo de provisión de agua",,"Es conclusión de esta auditoría que el establecimiento reúne las condiciones mínimas indispensables para el otorgamiento del alta solicitada",,
158,"EST156",158,"12/03/20 00:00:00","CONDICIONES EDILICIAS- DOCUMENTACIÓN","DOCUMENTACION  DE LA RAZÓN SOCIAL ACORDE A REQUERIMIENTOS DEL AREA",,"FALTA CARNET DE MSS DE ALIMENTOS-FALTA CROQUIS CON ESPECIFICACIONES-DEBE COLOCARSE CEPILLO PARA LAVADO DE MANOS Y DISPENSERS DE DESINFECTANTE Y DETERGENTE JUNTO A BACHA -","DEBE CONSOLIDARSE UN CIELORRASO APTO PARA SOLVENTAR INSTRUCTIVOS DE LIMPIEZA Y DESINFECCIÓN  EN AREA DE DESPACHO-DEBE IMPERMEABILIZARSE LA SUPERFICIE DEL MOSTRADOR","ES CONCLUSIÓN DE ESTA AUDITORIA QUE ESTAN DADAS, PESE A LAS NO CONFORMIDADES DESTACADAS., LAS CONDICIONES MÍNIMAS INDISPENSABLES PARA EL OTORGAMIENTO DEL ALTA REQUERIDA",,"1"
159,"EST156",158,,,,,,,,,
160,"EST156",158,"12/03/20 00:00:00",,,,,,,,
161,"EST156",158,"12/03/20 00:00:00",,,,,,,,
163,"est159",163,"03/01/21 00:00:00","Condiciones edilicias- Documentación general","Condiciones edilidias acordes a requermimetos sanitarios del emprendimiento- Documetación general acorde a demandas del área.",,"Faltan carnets de manipulacion segura y saludable de alimentos del titular y personal del establecimiento",,"es conclusión de esta auditoría que están dadas las condiciones operativas e higiénicas mínimas indispensables para el otorgamiento del alta requerida",,
165,,164,,,,,,,,,
167,"EST146",167,"03/22/21 00:00:00","CONDICIONES EDILICIAS- DOCUMENTACION","DOCUMENTACION GENERAL ( FOTOCOPIAS DE CUIT  Y DNI) ACORDES A REQUERIMIENTOS-DISPOSITIVOS DE PROVISION DE AGUA EN ZONA DE DESPACHO Y ELABORACIÓN",,"Deben tramitarse carnets de manipulacion de titular y personal del establecimiento. Deben mejorarse condiciones de cielorrasos y frisos en general.",,"se concluye que estan dadas las condiciones mínimas indispensables para el otorgamiento del alta requerida, quedando sujeta la misma  a la resolución de las No Conformidades detalladas",,
168,"est162",168,"08/24/21 00:00:00","Condiciones Edilicias- Documentación","Pisos , techos y aberturas en condición sanitaria aceptable- Estructuras acordes a requerimientos del emprendimiemto- Presenta copias de DNI y CUIT",,"Friso adyacente a exhibidora de superficie irregular comprometiendo mecanismos de sanitización- Falta describir  en croquis dispositivo de provison de agua en despacho- falta carnet de manipulación",,"Es conclusión de la auditoria que están dadas las condiciones mínimas indispensables para el otorgamiento del alta",,
169,"est163",169,"10/05/21 00:00:00","Condiciones edilicias- Documentación","Estructuras acordes sanitariamente con las demandas del emprendimiento- Documentación general que se ajusta a la normativa",,"Falta dispositivo  para provisón de desinfectante- Falta bacha y receptáculo de efluente-Debe tramitarse carnet de manipulación de personal y titular del emprendimiento",,"Es conclusión de esta auditoria que estan dadas las condiciones operativa e higiénicas mínimas indispensables para el otorgamiento del alta requerida",,
170,"EST164",170,"11/02/21 00:00:00","CONDICIONES EDILICIAS - DOCUMENTACIÓN","DISPOSITIVO DE VENTA AMBULANTE ACORDE A LOS REQUERIMIENTOS SANITARIOS DEL EMPRENDIMIENTO. DOCUMENTACIÓN  GENERAL CONFORME A REQUERIMIENTOS DEL AREA",,"FALTA CARNET DE MANIPULACIÓN SEGURA Y SALUDABLE DE ALIMENTOS DE OPERADORES- FALTA DISPOSITIVO DE PROVISIÓN DE DETERGENTE Y DESINFECTANTE  Y CEPILLO PARA MANOS Y UTENSILIOS JUNTO A BACHA",,"ES CONCLUSIÓN DE ESTA AUDITORIA QUE ESTÁN DADAS LAS CONDICIONES HIGIÉNICO SANITARIAS  MÍNIMAS INDISPENSABLES PARA EL OTORGAMIENTO DEL ALTA",,
171,"est165",171,"11/10/21 00:00:00","Documentación- Condiciones edilicias.","Documentación  general acorde a requerimientos del área- Pisos,aberturas, estructuras  y  herramientas  se ajustan a demandas sanitarias del emprendimiento.",,"Faltan carnets de manipulación de alimentos de titular y personal- Falta dispositivo de provisión de agua, detergente y desinfectante  en área de despacho-","Faltan carnets de manipulación de alimentos de titular y personal- Falta dispositivo de provisión de agua, detergente y desinfectante  en área de despacho- El cielorraso no admite por su característica intrínseca la instrumentación de un proceso de limpieza y desinfección apropiado -En el área de despacho un sector del friso requiere pintura- En depósito parte del friso  no cumple con condiciones de impermeabilidad que faculten el desarrollo de un programa de limpieza y desinfección- La abertura que comunica con el depósito esta provista de una cortina de tela que debiera ser reemplazada por otra de material sanitariamente apto-Tanto en el depósito como en el  área de despacho se depositan productos en el piso-En el depósito se alojan materiales ajenos al emprendimiento que deben ser retirados para favorecer el orden y simplificar la práctica de los procesos de sanitización","Debe colocarse el dispositivo de provisión de agua en área de despacho para generar condiciones mínimas indipensables para el otorgamiento del alta",,"1"
78,"EST079",78,"04/20/15 00:00:00","CONDICONES EDILICIAS- BUENAS PRÁCTICAS DE MANUFACTURA","CONDICIÓN DE ESTRUCTURAS Y EQUIPAMIENTO ACORDE HIGIENICO SANITARIAMENTE A LAS PRESTACIONES DEL ESTABLECIMIENTO",,"DEBE COLOCARSE UN DISPOSITIVO DE MPROVISIÓN DE AGUA PARA HIGIENE DE MANOS Y UTENSILIOS - DEBE TRAMITARSE CARNET DE MANIPULACION SEGURA Y SALUDABLE DE ALIMENTOS",,"ES CONCLUSIÓN DE ESTA AUDITORÍA PESE A LAS NO CONFORMIDADES DESTACADAS OTORGAR EL ALTA DEL ESTABLECIMIENTO",,
173,"est165",,,,,,,,,,
174,"est166",174,"12/07/21 00:00:00","Condiciones edilicias - Documentación","Documentación general acorde a lo requerido por la normativa del  Área.Posee dispositivo de provisión de agua en ambito de despacho. Pisos, frisos y superficie de la barra de despacho acorde con las demandas sanitarias",,"Faltan dispensers de provisión de detergente y desinfectante, cepillo para manos y dispositivo de provisión de material para secado junto a la bacha.Falta depósito para residuos."," No Conformidades:Deben corregirse defectos del cielorraso de cocina usada como depósito-Deben tramitarse carnets de manipulación de alimentos","Si bien se destacan No Conformidades que deben ser resueltas a la brevedad se conluye que están dadas las condiciones mínimas indispensables para el otorgamiento del alta requerida",,"1"
175,"est167",175,,"Condiciones edilicias- Documentación","Presenta croquis del establecimiento  y  Documentacion en general acordes a requerimientos del area. Condiciones edilicias que se ajustan a necesidades sanitarias del emprendimiento","146","Deben tramitarse carnets de manipulacion de titular y personal del establecimiento- Debe colocarse malla anti plagas en abertura  móvil-",,"Se concluye que están dadas las condiciones mínimas indispensables para el otorgamiento del  alta requerida",,
176,"est168",,"05/04/22 00:00:00","Documetacion general-Condiciones edilicias y operativas","Croquis, fotocopias de DNI  y constancia de CUIT acordes a requerimientos del Área-Frisos, techos , pisos , estructuras , herramientas y dipositivos de provision de agua satisfactorios",,"Falta carnet de manipulacion de titular y actualización de carnet de personal. Falta cepillos para manos , dispositivos de provison de detergente y desinfectante y material de secado descartable junto a provisión de agua-",,"Estan dadas las condiciones sanitarias , edilicias y operativas mínimas indispensabes para el otorgamiento del alta requerida",,
177,"EST169",177,,"DOCUMENTACIÓN-CONDICIONES EDILICIAS","Dispone de fotocopias de CUIT, DNI y croquis de la estructura de venta ambulante según requerimientos del Area",,"Faltan carnets de manipulación de alimentos de titular y personal-Falta  provisión de detergente, desinfectante y cepillo para manos. Debe reemplazarse superficie de mesada.",,"Es conclusión de esta auditoria que están dadas las condiciones mínimas para el otorgamiento del alta solicitada",,
84,"est086",84,"10/14/15 00:00:00","CONDICIONES EDILICIAS- BUENAS PRÁCTICAS DE MANUFACTURA","CONDICIONES EDILICIS GENERALES QUE CUMPLEN CON LOS REQUERIMIENTOS MÍNIMOS INDISPENSABLES",,"DEBEN TRAMITARSE CARNETS BDE MANIPULACIÓN SEGURA Y SALUDABE DE ALIMETOS- DEBEN INSTRUMENTARSE LAS MEDIDAS QUE PROPICIEN EL AISLAMIENTO COMPLETO DEL SECTOR COMERCIAL DEL ÁMBITO DOMÉSTICO- DEBE COLOCARSE DISPOSITIVO DE PROVISIÓN DE AGUA PARA HIGIENE DE","MANOS Y UTENSILIOS- DEBEN COLOCARSE MALLAS ANTI PLAGAS EN ABERTURAS","ES CONCLUSIÓN DE ESTA AUDITORÍA PESE A LAS NO CONFORMIDADES DESTACADAS OTORGAR EL ALTA DEL ESTABLECIMIENTO",,"001"
179,"est171",179,"06/24/22 00:00:00","Documentación - Condiciones edilicias","Documentación general (fotocopias de constancias de CUIT, dNI, carnet de manipulación del titular y croquis del establecimientos) acordes a requerimientos.Condición edilicia y estructuras en consonancia con demandas sanitarias",,"Falta cepillo para limpieza de manos y utensilios  . Falta material descartable para secado.El cortinado de abertura en sector de despacho debe reemplazarse por uno sanitariamente apto. Restringir el uso de esponja de acero",,"Se concluye que pese a las No Conformidades destacadas estan dadas las condiciones mínimas indispensables para el otorgamiento del alta solicitada",,
139,"est130",,"08/01/19 00:00:00","Condiciones edilicias- Documentación-BPM","Condiciones edilicias generales acordes a requerimientos sanitarios del emprendimiento- Documentación general ajustada a requerimientos del Área.",,"Falta carnet de manipulacion del Titular del emprendimiento- Faltan protectores de luminarias
Fala malla anti plaga en puerta-  El cielorraso  no permite optimizar procedimientos de sanitización-Faltas dispensers detergente y desinfectante par higiene de manos y utensilios",,"Pese a las No conformidades expresadas el establecimiento reúne las condiciones mínimas indispensables para el otorgamiento del alta requerida",,
63,"EST067",63,"05/13/14 00:00:00","condiciones edilicias- buenas prácticas de manufactura",,,"deben tramitarse carnets de manipuladores de alimentos- debe programarse el reemplazo de cortina utilizada para la división de ambientes por estructura fija que favorezca el desarrollo de los procedimientos de sanitización- debe presentarse una","planificación afectada a tareas de impermeabilización de los frisos de madera para optimizar los procesos de higiene","es conclusión de esta auditoría pese a las no conformidades destacadas otorgar el alta del establecimiento",,"001"
182,"EST174",,"08/26/22 00:00:00","Documentacion - Condiciones edilicias","Presenta copias de constancia de CUIT y DNI . Frisos, techo y pisos acordes a demandas sanitarias. Aberturas moviles con mallas anti plagas-Dispositivo de provision de agua en sala de elaboración acorde a requerimientos sanitarios",," deben presentarse croquis del establecimiento y carnets de manipulación del personal- Deben eliminarse esponjas de acero, deposito para aceite comestible y estructuras de madera ( mesas de trabajo y estanterias).","Debe colocarse burlete para mejorar hermeticidad y reducir factibilidad de  ingreso de plagas en límite inferior de puerta de acceso al sector de parrillas. Debe mejorarse el aislamiento del sector de elaboración.","Se concluye que pese a las no conformidades destacadas estan dadas las condiciones mínimas indispensables par el otorgamiento del alta requerida",,"1"
183,"EST176",183,,"CONDICIONES EDILICIAS -DOCUMENTACIÓN GENERAL","Documentación acorde a requerimientos del área-Pisos y frisos en condición aceptable- Dispositivo de provisión de agua con detergente y desinfectante",,"Los techos requieren acondicionamiento ya que presentan areas con perdida de pintura y mamposteria. Falta cesto para residuos con tapa y bolsa junto a mostrador. Falta material descartable para secado junto a dispositivo para higiene",,"Es conclusión de esta auditoria que pese a las No Conformidades destacadas estan dadas las condiciones mínimas indispensables para el otorgamiento del alta requerida",,
184,"est175",,"11/24/22 00:00:00","documentacion - condiciones edilicias","Frisos y pisos se ajustan a requerimientos del emprendimiento- Documentacion general acorde a normativa.",,"El techo por su característica intrínseca( de madera ) no se adecua al desarrollo óptimo de los procedimientos de limpieza y desinfección- Falta carnet de manipulacion del personal- Debe evitarse el alojamiento de productos envasados sobre el piso.",,"Es conclusión de esta auditoría pese a las No Conformidades expresadas  que estan dadas la condiciones mínimas indispensables para el otorgamiento del alta requerida",,
185,"EST177",185,"12/14/22 00:00:00","DOCUMENTACIÓN - CONDICIONES EDILICIAS","Fotocopia de DNI y constancia de CUIT - Carnet deBPM del titular-  Dispositivo de provisión de agua , pisos y estructuras de almacenamiento acordes a requerimientos sanitarios",,"Falta  carnet de BPM del personal- Falta dispensers de detergente y desinfectamte y papel de secado junto  a bacha- Frisos de superficie irregular que comprometen el desarrollo óptimo de instructivos de sanitización",,"Se concluye que , si bien deben solucionarse las no conformidades planteadas, estan dadas las condiciones mínimas indispensables para el otorgamiento del alta requerida",,
76,"est078",76,"03/10/15 00:00:00","condiciones edilicias. Buenas practicasde manufactura","condición de mobiliario adecuada a las prestaciones higiínico sanitarias del establecimiento",,"faltan adjuntar fotocopias de libretas sanitarias y tramitacion de carnets de manipulación seguura y saludable de alimentos- la superficie del pisom presenta irregularidades que no permiten un óptimo proceso de limpieza y desinfección-","DEBEN MANTENERSE VIAS DE ACCESO CERRADAS","ES CONCLUSIÓN DE ESTA AUDITORÍA PESE A LAS NO CONFORMIDADES DESTACADAS OTORGAR EL ALTA DEL ESTABLECIMIENTO",,"001"
186,"est179",186,"01/02/23 00:00:00","Condiciones edilicias- documentación","Documentación general  acorde a requerimientos del área. Frisos , techo y pisos de sala de elaboración según requerimientos sanitarios- Posee dispositivo de provisión de agua  y receptaculo de residuos con tapa y bolsa.",,"Faltan carnets de manipulación del personal en general- Faltan dispensers de detergente y desinfectante y cepillo para manos- Falta dispositivo de material descartable para secado de manos- Faltan detalles de  herramientas en croquis de cocina",,"Se concluye que están dadas las condiciones sanitarias  mínimas indispensables para el otorgamiento del alta  requerida",,
189,"est180",,"05/05/23 00:00:00","Condicion edilicia- Documentación","Documentación general acorde a requerimientos del area. Frisos, piso y techo sanitariamente aptos.Estructuras ,herramientas y utensilios en condición aceptable- Provison de agua",,"Faltan carnets de manipulación del personal- Faltan dispositivos de provisión de detergente y desinfectante  , cepillo para manos y papel para secado- Los receptaculos de residuos no poseen tapa- Debe sustituirse soporte de madera junto a freidora",,"Se concluye que estan dadas las condiciones minimas indispensables para el otorgamiento del alta requerida",,
190,"est181",190,"05/11/23 00:00:00","Condición sanitaria de estructura operativa- Documentación","Documentación general acorde a requerimientos del Área- La estructura posee dispositivo de provisón de agua y mecanismo para disposición de efluentes",,"Las estanterias son de material que no permite optimizar los procesos de sanitización. Faltan cepillo para manos, dispositivos de provisión de detergente , desinfectante y material descartable  para secado.",,"Se concluye que pese a las No Conformidades destacadas están dadas las condiciones mínimas indispensables para el otorgamiento del alta requerida",,
191,"EST182",191,,"CONDICIÓN EDILICIA- ESTRUCTURAS"," fotocopias de constancia de cuit, DNI de Socio gerente  y carnets de manipulación de parte de los miembros del personal según requerimientos.",,"Falta  Presentar Acta constitutiva de SRL- No se presentaron los carnets de manipulación de la totalidad del personal-",,"Se concluye que pese a las No  Conformidades destacadas estan dadas las condiciones mínimas indispensables para el otorgamiento del alta requerida",,"foja 1"
79,"EST081",79,"04/29/15 00:00:00","CONICIONES EDILICIAS- BUENAS PRÁCTICAS DE MANUFACTURA","CONDICIÓN DE ESTRUCTURAS Y EQUIPAMIENTOS ACORDES HIGIÉNICO SANITARIAMENTE A LAS PRESTACIONES DEL ESTABLECIMIENTO",,"DEBE IMPERMEABILIZARSE EL CIELORRASI DEL SECTOR AFECTADO A KIOSCO- DEBEN REEMPLAZARSE CORTINAS DE TELA EN POILLERÍA- DEBEN COLOCARSE PROTECTORES EN FUENTES DE ILUMINACIÓN- DEBE TRAMITARSE CARNET DE MANIPULACIÓN SEGURA Y SALUDABLE DE ALIMENTOS",,"ES CONCLUSIÓN DE ESTA AUDITORÍA PESE A LAS NO CONFORMIDADES DESTACADAS OTORGAR EL ALTA DEL ESTABLECIMIENTO",,
192,"est123",192,"08/31/23 00:00:00","Documentación - Condición edilicia-","Dispone de documentación general acorde a requerimientos del área-Dispositivo de provisión de agua, cielorraso , pisos  , estructuras, herramientas  y utensilios acordes a demandas  sanitarias.",,"Faltan carnets de manipulacion de alimentos de titular y personal. Deben reemplazarse mallas anti plagas  en aberturas -Debe colocarse malla anti plagas en abertura de extractor. Falta pintura en friso adyacente a empaque",,"Se concluye que estan dadas las condiciones sanitarias mínimas indispensables para el otorgamiento del alta requerida",,
193,"EST186",193,"09/19/23 00:00:00","Documentación general- Condicion sanitaria de estructuras y herramientas","PRESENTA CARNET DE MANIPULACION DE ALIMENTOS, COPIA DE DNI, CONSTANCIA DE CUIL Y CROQUIS DE ESTRUCTURA PARA LA COMERCIALIZACIÓN DE ALIMENTOS. La estructura utilizada para exposicion se encuentra en aceptable estado de conservacion -",,"El agua utilizada para higiene de manos PRODEDENTE DE UN DISPENSER se almacena en una bacha sin drenaje a un deposito cerrado.NO CUENTA CON BOTIQUIN","POSEE DISPOSITIVO DE PROVISIÓN DE AGUA CON DESINFECTANTE Y DETERGENTE- POSEE CESTOS PARA RESIDUOS DEBIDAMENTE ROTULADO","Se concluye que estan dadas las minimas condiciones sanitarias indispensables para el otorgamiento del alta requerida",,"1/193"
194,"est187",194,"01/25/24 00:00:00","Documentacion general- Condiciones edilicias","Presenta croquis,y fotocopia de DNI - En materia edilicia los frisos , techos y pisos del area de elaboración y despacho, y las herramientas utilizadas  son aptos sanitariamente para la actividad a realizar y se encuentran en buen estado de conservación",,"No presentan  carnets de manipulación segura y saludable de alimentos de titular y personal. Falta dispositivo de provisión de agua en zona de despacho Se utilizan esponjas de acero en area de elaboración-","No conformidades: el soporte de algunas herramientas en la sala de elaboración ( maquina de cortar fiambre ) es de madera lo que dificulta el proceso de limpieza y desinfección - Los recepáculos  de residuos carecen de tapa y rotulado","Es conclusión de esta auditoría que si bien existen no conformidades que deben ser resueltas en un plazo prudente están dadas las condiiones mínimas indispensables par el otorgamiento del alta solicitada",,"194/1"
81,"EST083",81,"06/30/15 00:00:00","CONDIONES EDILICIAS- BUENAS PRÁCTICAS DE MANUFACTURA","CONDICIONES DE EQUIPAMIENTO ACORDES HIGIÉNICO SANITARIAMENTE A LAS PRESTACIONES DEL ESTABLECIMIENTO",,"DEBE DISPONERSE LA APLICACIÓN DE BURLETES EN INGRESO A DEPÓSITO PARA PREVER INGRESO DE PLAGAS.- DEBE INSTRUMENTARSE HIGIENE CON DETERGENTE ACIDO PARA REMOVER SARRO Y ÓXIDO DE APARATOS DE COCINA- DEBEN TRAMITARSE LIBRETAS SANITARIAS","Y CARNETS DE MANIPULACIÓN SEGURA Y SALUDABLE DE ALIMENTOS","ES CONCLUSIÓN DE ESTA AUDITORÍA PESE A LAS NO CONFORMIDADES DESTACADAS OTORGAR EL ALTA DEL ESTABLECIMIENTO",,"001"
195,"est189",195,"04/23/24 00:00:00","Condiciones edilicias- Documentación","Fotocopias de DNI, Solicitud de Alta , Croquis del establecimiento, Constancia de Cuil acorde a requerimientos- Cielorrasos, pisos, mesada y dispositivo de provision de agua acorde a requerimientos",,"Faltan mallas antiplagas en aberturas- Debe completarse el  faltante de azulejos en friso sobre cocina- Debe reempazarse cocina o cambiar puerta del horno que evidencia condiciones de deterioro- Debe colocarse deposito de residuos con tapa y bolsa-","Debe disponerse sobre la mesada de desinfectante , detergemte y cepillo para manos. Falta material descartable para secado de manos.Debe tramitarse el carnet de manipulación segura y saludable de alimentos","Se concluye que no obstante las No Conformidades detectadas el establecimiento reúne las condiciones higiénico sanitarias y operativas mínimas  indispensabes  para el  otorgamiento del alta requerida",,"195"
196,"est190",196,"05/03/24 00:00:00","Condiciones edilicias -Documentación","Posee carnet de manipulador vigente- Presenta fotocopias de Dni,CUIT y croquis -
Condiciones aceptables sanitariamente de frisos ,techos, pisos, herramientas y estructuras",,"Se observaron  envases de bebidas depositadas en el piso .El soporte de la fiambrera es de material no sanitario ( mesa de madera)",,"Se concluye que estan dadas las condiciones sanitarias minimas indispensables para el otorgamiento del alta",,
197,"EST137",197,"06/28/24 00:00:00","CONDICIONES EDILICIAS Y OPERATIVAS , ESTRUCTURAS, DOCUMENTACIÓN,","EL ESTABLECIMIENTO POSEE REGISTRO Nº 137. CON ALGUNAS SALVEDADES DESCRIPTAS EN APARTADO SIGUIENTE SE OBSERVARON FRISOS, TECHOS Y PISOS , ASI COMO HERRAMIENTAS Y",,"DEBE ACTUALIZARSE DOCUMENTACIÓN DE PLANIMETRÍA . USO DE MESA DE MADERA EN SECTOR DE ELABORACIÓN. FALTA TAPA PARA RECTÁCULO DE RESIDUOS.  USO DE  ESPONJAS DE ACERO .NO ROTULADO DE PREPARADOS  ALOJADOS EN REFRIGERADORES.  FALTA ACTUALIZACION Y/O TRAMITACIÓN DE CARNETS DE"," CONFORMIDADES :( CONTINUACIÓN )ESTRUCTURAS DE TRABAJO EN CONDICIÓN SANITARIA ACEPTABLE Y BUEN ESTADO DE CONSERVACIÓN
NO CONFORMIDADES (CONTINUACIÓN): DE CARNETS DE MANIPULACIÓN.  NO DISPONE DE AISLAMIENTO SANITARIO EN TECHO DE AREA DE REGFRIGERADORES.","ES CONCLUSIÓN DE ESTA AUDITORIA QUE, SI BIEN  DEBEN INSTRUMENTARSE MEDIDAS QUE RESUELVAN LAS NO CONFORMIDADES  REFERIDAS , EL ESTABLECIMIENTO REUNE CONDICIONES SANITARIAS ACEPTABLES PARA CONTINUAR CON SUS ACTIVIDADES",,"197/1"
86,"EST088",86,"02/11/16 00:00:00","CONDICIONES EDILICIAS- BUENAS PRACTICAS DE MANUFACTURA","DOCUMENTACIÓN Y EQUIPAMIENTO ADECUADOS A LAS PRESATACIONES DEL ESTABLECIMIENTO",,"DEBE IMPERMEABILIZARSE BARRA DE DESPACHO A FIN DE GARANTIZAR UN ÓPTIMO PROCESO DE HIGIENE Y DESINFECCIÓN- DEBE TRAMITARSE CARNET DE MANIPULACIÓN SEGURA DE ALIMENTOS DE TITULAR Y EMPLEADOS",,"ES CONCLUSIÓN DE ESTA AUDITORÍA PESE  A LAS NO CONFORMIDADES DESTACADAS OTORGAR EL ALTA DEL ESTABLECIMIENTO",,
198,"EST192",198,,"DOCUMENTACIÓN- CONDICIONES EDILICAS- BPM","DISPONE DE DOCUMENTACION GENERAL REQUERIDA ( DNI,  CONSTANCIA DE CUIT, CROQUIS, FOTOCOPIAS CARNET DE MANIPULACIÓN) DISPONE DE EQUIPAMIENTO ACORDE A ACTIVIDAD REALIZADA.LOS PISOS  Y FRISOS PRESENTAN CONDICIÓN ACEPTABLE.",,"FALTAN CARNETS DE MANIPULACIÓN DE ALGUNOS EMPLEADOS- DEBE COMPLETARSE CIELORRASO EN DEP. DEBEN REEMPLAZARSE ESTRUCTURAS DE MADERA ( MESAS) POR OTRAS DE MATERIAL SANITARIO. DEBEN MEJORARSE LAS CONDICIONES DE ORDEN PARA OPTIMIZAR LOS PROCESOS DE LIMPIEZA Y DESINFECION","NO CONFOMIDADES: (CONT.) DESINFECCIÓN- DEBEN ELIMINARSE LAS ESPONJAS DE ACERO- DEBEN COLOCARSE MALLAS ANTI PLAGAS EN ABERTURAS MÓVILES - DEBE EVITARSE DEPOSITAR INSUMOS EN EL PISO","ES CONCLUSIÓN DE ESTA AUDITORIA   NO   OBSTANTE LAS NO CONFOMIDADES DETALLADAS EN APARTADO ANTERIOR ESTAN DADAS  LAS CONDICIONES PARA  EL OTORGAMIENTO DEL ALTA",,"198
NO CONFORMIDADES : PROCESOS DE LIMPIEZA Y DESINFECCIÓN- DEBEN COLOCARSE MALLAS ANI PLAGAS EN ABERTURAS MOVILES - DEBEN RETIRARSE DEL SECTOR DE DEPOSITO ELEMENTOS SUPERFLUOS"
199,"est193",199,"08/16/24 00:00:00","condiciones de estructura de trabajo y documentación"," Entrega fotocopias de Dni de titular y ayudantes. Constancia de CUIL- Equipamiento acorde a requerimientos sanitarios.","164","Faltan carnets de manipulacion- Debe  completarse impermeabilización de los frisos.",,"Se concluye que estan dadas las condiciones higienico sanitarias minimas indispensables para el otorgamiento del alta requerida",,
200,"EST133",200,"08/20/24 00:00:00","Condiciones edilicias - Documentación","Presentan constancia de incripción en AFIP y copias de carnets de manipulación vigente del personal- Condición edilicia y de equipamiento sanitariamente  apta para el desarrollo de las actividades previstas","´165","Debe adjuntarse al plano  sector de  depósito- Falta dispenser de desinfectante  para utensilios junto a dispositivo de provisión de agua-No hay registros de mesura  de cloro libre residual del agua utilizada para elaboración y lavado",,"Se concluye que no obstante las no conformidades destacadas  estn dadas las condiciones mínimas indispensables para el otorgamiento del alta requerida",,
96,"EST089",96,"05/31/16 00:00:00","CONDICIONES EDILICIAS- BUENAS PRÁCTICAS DE MANUFACTURA","CONDICIONES EDILICIAS DEL SALÓN DE VENTA ACORDES A LAS NECESIDADES DEL EMPRENDIMIENTO",,"DEBE TRAMITARSE CARNET DE bpm Y LIBRETA SANITARIA DEL TITULAR Y PERSONALDEBEN MEJORARSE CONDICIONES DE CIELORRASO, FRISOS Y PISOS DEL DEPÓSITO-DEBE DISPONERSE PROVISÓN DE AGUA EN CONTIGÜIDAD AL SECTOR DE CORTE DE FIAMBRES.",,"ES CONCLUSIÓN DE ESTA AUDITORÍA PESE  A LAS NO CONFORMIDADES DESTACADAS OTORGAR EL ALTA DEL ESTABLECIMIENTO",,
201,"est191",201,"08/22/24 00:00:00","Condicion edilicia- Documentación","Presenta copias de documento, Carnet de manipulación de la titular y croquis. Aceptable condición de frisos y pisos . Herramientas y estructuras sanitariamente aptos",,"Faltan carnets de manipulacion del personal- Faltan dispositivos de provisión de detergente, desinfectante y cepillo para manos junto a dispositivo de provisión de agua - Delante de los exhibidores se deposita mercaderia  ( envases de bebidas y carbón)directamente en el suelo.",,"Se concluye que estan dadas la mínimas condiciones indispensables  operativas , sanitarias y edilicias para el otorgamiento del alta requerida",,
202,"EST196",202,"03/17/25 00:00:00","DOCUMENATCION Y REGISTROS- CONDICIONES EDILICIAS","Presentan documentación  general acorde a requerimientos normativos del area ( fotocopIa de cuit, DNI y carnets de manipulación vigentes ).Condiciones edilicias y estructuras  sanitariamente aceptables",,"Debe modificarse en  croquis disposicion de la bacha de provision de agua y agregarse dispensers  para sanitización",,"ES CONCLUSIÓN DE ESTA AUDITORIA QUE ESTÁN DADAS LAS CONDICIONES SANITARIAS Y EDILICIAS MINIMAS INDISPENSABLES PARA EL ORTORGAMIENTO DEL ALTA",,
203,"est197",203,"05/06/25 00:00:00","Documentación-Condiciones edilicias","Presenta fotocopias de CUIT y DNI de titular- Presenta croquis del establecimiento- Presenta CM vigente de empleada- Frisos, techo, pisos y estructuras en condicón acetable",,"Falta carnet de Manipulación de alimentos del titular-Debe retirarse ( o reemplazarse por una sanitariamente apta) cortina de tela  alojada entre mostrador y bacha-Falta carteleria con instructivo de lavado de manos",,"Se concluye que no obstante las No Conformidades referidas estan dadas la condiciones mínimas indispensables para el otorgamiento del alta solicitada",,
204,"Est198",204,,"Condiciones edilicias- Documentación","Documentación general acorde a requerimientos del area ( Fotocopias de DNI,CUIT,CM)-Driso y pisos sanitariamente aceptables-Estructuras   y equipos de refrigeracion en ondiciones de conservación aceptable",,"Techos  de material no sanitario. Debe reemplazarse cobertor de batea refrigeradora por uno apto instructivo de higiene y desinfección.Deben suprimirse conexiones del local con ambito doméstico. Debe disponerse de indumentaria sanitaria",,"Se concluye que no obstante las No Conformidades destacadas están dadas las mínimas  condiciones edilicias y operativas sanitarias para el otorgamiento del alta requerida",,
209,"est201",209,,"Conciciones edilicias- Documentación","Presenta croquis, fotocopia de dni, constancia de cuit y acredita carnet de manipulación vigente-
El establecimiento dispone de pisos, frisos y Techos en condicion aceptables- Posee dispositivo de provisión de agua",,"Faltan elementos de higiene junto a bacha de provision de agua- Falta receptáculo rotulado   para residuos - El mostrador de despacho no  se adecua a practicas de higiene y desinfección por ser de madera.","Conformidades: Posee dispositivo de provisión de agua en area de despacho .
No conformidades:faltan kits diferenciados de limpieza y desinfección de area de despacho y sanitario","Se concluye que no obstante las no conformidades destacadas , las que deberan ser resueltas en un plazo prudente , estan dadas las condiciones mínimas indispensables para el otorgamiento del alta",,"01/209"
210,"EST188",210,"08/25/25 00:00:00","DOCUMENTACIÓN- CONDICIÓN EDILICIA","Presentan carnets de manipulación, croquis  y fotocopia de CUIT. Dispone de frisos  y pisos en condición aceptable- Posee disposistivo de provisión de agua acorde a requerimientos",,"El techo no posee características sanitarias- Falta cepillo para manos y dispositivos de provisión de detergente y desinfectante y material descartable de secado  junto a bacha- Falta receptáculo de residuos.",,"Se concluye que pese a las no conformidades expresadas el establecimiento reune las condiciones mínimas indispensables para el  otorgamiento del alta",,
211,"est195",211,,"Documentación- Condiciones edilicias","Fotocopias de DNI, Cuit,y carnet de manipulación acorde a requerimientos-Friso-, pisos y techo sanitarios- Posee dispositivo de provisión de agua acorde a exigencias -",,"Falta copia del croquis del establecimiento- Debe definirse en el mismo los límites del espacio comercial y el ámbito doméstico",,"Se concluye que están dadas las condiciones edilicias y documentales mínimas indispensables para el otorgamiento del alta requerida",,
213,"EST206",213,"01/05/26 00:00:00","Documentación - Equipamiento","Adjunta croquis de equipamiento y sector de depósito de insumos y  equipamiento. Adjunta documentación ( CUIT, constancia de inscripción, carnets de manipulación) acorde a los requerimientos del area",,"Debe incorporarse al croquis el sector sanitario- Deben mejorarse condiciones de frisos, cielorraso y piso de deposito- Debe ajustarse croquis  dado que incluye un area que no se utilizaria.",,"Se concluye que no obstante las modificaciones que deben realizarse según lo expresado en las NC el establecimiento reune condiciones higienico sanitarias mìnimas indispensabes para el otorgamiento del alta solcitada",,
214,"est207",214,,"Documentación-Condiciones edilicias","Equipamiento y estructura ( piso, frisos, techo) acordes a requerimientos sanitarios.Posee dispositivo de provision de agua con desagote adecuado.Documentacion general acorde a requerimientos normativos.",,"Faltan dispositivos de provisión de detergente y desinfectante y dispenser de material de secado . Faltan receptáculos de desechos sólidos-Faltan carnets de manipulación de colaboradores",,"Es conclusión de esta auditoria que no obstante la No Conformidades destacadas estan dadas las condiciones mínimas indispensables para el otorgamiento del alta requerida",,
180,"est172",180,"06/28/22 00:00:00","Documentacion- Condiciones edilicias","Presentan Fotocopias de acta constitutiva de razón social, dni de socios, constancia de CUIT conforme requerimienos del area. Piso, frisos  y techo, asi como estructuras y herramientas acordes a demandas sanitarias del emprendimiento.",,"Faltan carnets de manipulación segura y saludable de personal  y titulares del proyecto",,"Es conclusión de esta auditorian que están dadas las condiciones minimas indispensables para el otorgamiento del alta del establecimiento",,
3,,3,,,,,,,,,
35,"EST041",35,"08/10/12 00:00:00","CONDICIONES EDILICIAS- BPM",,,"DEBE TRAMITARSE CARNET DE MANIPULADOR DE ALIMENTOS",,"ESTAN DADAS LAS CONDICIONES MINIMAS PARA EL ALTA DEL ESTABLECIMIENTO",,
40,"EST045",40,"03/12/13 00:00:00",,,,,,,,
52,,52,,,,,,,,,
74,"EST076",74,"01/30/15 00:00:00","CONDICIONES EDILICIAS - BUENAS PRÁCTICAS DE MANUFACTURA",,,"DEBE TRAMITARSE CARNET DE MANIPULADOR",,"ES CONCLUSIÓN DE ESTA AUDITORÍA PESE A LAS NO CONFORMIDADES DESTACADAS OTORGAR EL ALTA DEL ESTABLECIMIENTO",,
77,,77,,,,,,,,,
147,"est141",147,"05/06/20 00:00:00","Condiciones edilicias- Documentación","Documentación general acorde a requerimiento del area- Condiciones edilicias en general acordes a requerimientos del area-",,"Debe impermeabilizarse friso adyacente a dispositivo de cuarteo para optimizar recursos de limpieza y desinfección- Deben eliminarse elementos superfluos de techo de sanitario- Debe disponerse un kit exclusivo de limpieza y desinfección para el baño-",,"Se concluye que están dadas la condiciones míninas indispensables para el otorgamiento del alta del establecimiento",,
87,"EST092",87,"03/30/16 00:00:00","CONDICIONES EDILICIAS- BUENAS PRÁCTICAS DE BPM","DOCUMENTACIÓN (HABILITACIÓN COMERCIAL COMUNAL, L. SANITARIAS  Y CARNETS DE MANIPULACIÓN SEGURA Y SALUDABLE) Y  EQUIPAMIENTO EN LINEAS GENERALES ADECUADOS A LAS PRESTACIONES DEL EMPRENDIMIENTO",,"DEBE REEMPLAZARSE EN FIAMBRERIA TABLAS DE MADERA POR OTRAS QUE FAVOREZCAN EL DESARROLLO DE LOS PROCESOS DE SANITIZACIÓN- DEBEN CONSERVARSE TAPADOS LOS DEPÓSITOS DE RESIDUOS- DEBE DISPONERSE UN ESPACIO PARA ALOJAR LA VAJILLA UTILIZADA POR EL PERSONAL","DEBEREASIGNARSE UN LUGAR PARA RESGUARDAR LOS GANCHOS DE CHACINADOS Y/O EMBUTIDOS ( ESTÁN CONTIGUOS A DEPÓSITO DE RESIDUOS)","ES CONCLUSIÓN DE ESTA AUDITORÍA PESE A LAS NO CONFORMIDADES DESTACADAS OTORGAR EL ALTA AL ESTABLECIMIENTO",,"001"
152,"est148",152,"08/05/20 00:00:00","Condiciones edilicias- Documentación","Documentación general acorde a requerimientos normativos-
Condiciones edilicias  equipamiento y estructuras conformes a las prestaciones del establecimiento",,"Faltan carnet de manipulación segura y saludable de alimentos  de titular y personal.
Faltan dispositivos de provision de detergente y desinfectante en bacha de lavado de manos y utensilios",,"Se concluye que estan dadas las condiciones para el ortorgamiento del alta solicitada",,
164,"EST160",,"03/05/21 00:00:00","DOCUMENTACIÓN GENERAL- CONDICIÓN EDILICIA","LA DOCUMENTACIÓN SE AJUSTA A LOS REQUERIMIENTOS DEL ÁREA.CONDICIÓN EDILICIA ACORDE A REQUERIMIENTOS  SANITARIOS DEL EMPRENDIMIENTO",,"FALTA DIVISIÓN COMPLETA ENTRE ÁMBITO DE COCINA Y ESPACIO DESTINADO A COMENSALES. FALTAN DISPOSITIVOS DE PROVISIÓN DE DETERGENTE Y DESINFECTANTE Y TOALLAS DESCARTABLES. FALTA CROQUIS CON  ESPECIFICACIONES",,"ES CONCLUSIÓN DE ESTA AUDITORÍA QUE ESTAN DADAS LAS CONDICIONES SANITARIAS MÍNIMAS INDISPENSABLES PARA EL OTORGAMIENTO DEL ALTA REQUERIDA",,
206,"est200",206,"06/24/25 00:00:00",,"Presenta documentacion acorde a requerimientos ( Constancia CUIT, carnet Manipulacion del titular, copia de SIN, croquis). Condición edilicia conservada  y apta según requerimientos",,"Deben reemplazarse manteles y cortinas de tela por elementos sanitariamente aptos. Faltan mallas anti plagas en aberturas móviles- Faltan carnets de personal- Debe evitarse el depósito de elementos en el piso -",,"Se concluye que no obstante los apectos destacados en la no conformidades  estan dadas las condiciones mínimas indispensables para el otorgamiento del alta requerida",,
207,"est202",207,"07/10/25 00:00:00","Condiciones edilicias - Documentación","Presenta  fotocopias de DNI y carnets de manipulación  de alimentos vigentes- Posee dispositivos de provisión de agua en elaboración y despacho-Frisos , pisosy estructuras en condición aceptable",,"Faltan mallas anti plagas u otras barreras de contención en aberturas en general. Debe reparase cielorraso en area de despacho",,"Se concluye que no obstante las No Conformidades  destacada estan dadas la condiciones suficientes para el otorgamiento del alta requerida",,
208,"est201",,,,,,,,,,
126,"EST128",126,"04/05/19 00:00:00","CONDICIONES EDILICIAS- DOCUMETACIÓN-BPM","DOCUMENTACIÓN GENERAL  ACORDE A REQUERIMIENTOS DEL ÁREA. FRISOS, TECHO Y PISO SANITARIAMENTE APTOS.  ESTRUCTURAS  Y HERRAMIENTAS ADECUADAS A PRESTACIONES DEL ESTABLECIMIENTO.",,"DEBE TRAMITARSE CARNET DE MANIPULACIÓN  SEGURA Y SALUDABLE DE TITULAR Y PERSONAL.",,"ES CONCLUSIÓN DE ESTA AUDITORÍA QUE ESTAN DADAS LAS CONDICIONES MÍNIMAS INDISPENSABLES PARA EL OTORGAMIENTO DEL ALTA DEL ESTABLECIMIENTO.",,
22,"est015",22,"09/15/11 00:00:00","condiciones edilicias-procesos de higiene y desinfección.",,,"falta tramitar carnet de manipulador de personal y titular del establecimiento.",,"es conclusión de esta auditoría  mantener el alta del establecimiento",,
5,,5,,,,,,,,,
23,,23,,,,,,,,,
28,,28,,,,,,,,,
32,,32,,,,,,,,,
49,,49,,,,,,,,,
53,,53,,,,,,,,,
127,"est046",127,"12/17/18 00:00:00","Condiciones edilicias- buenas prácticas de manufactura","condición de estructuras acorde hogiénico sanitariamente a las prestaciones del establecimiento",,"deben reemplazarse las cortinas de tela- debe colocarse dispositivo de provisión de agua para higiene de manos y utensilios en sector de despacho-deben reemplazarse trapos usados para higiene exterior de envases post servicio por materiales de","HIGIENE DESCATABLES-DEBE  TRAMITARSE CARNET DE MANIPULACIÓN SEGURA Y SALUDABLE DE ALIMENTOS DEL PERSONAL",,,"001"
47,"est039",47,"06/24/13 00:00:00","condiciones edilicias- BPM",,,"deben tramitarse carnets de manipulación segura y saludable de alimentos. Deben tramitarse libretas sanitarias del personal",,"Es conclusión de esta auditoría pese a las No Copnformidades destacadas otorgar el alta del establecimiento",,
6,"est017",6,"04/13/10 00:00:00","condiciones edilicias- procesos de higiene y desinfección",,,"falta inscripción formal en área de alimentos de la comuna- falta dispositivo de provisión de agua caliente en salon comercial- debe elevarse la ganchera utilizada para desarmado de medias reses para evitar el contacto de estas con el piso- faltan","conceptos claros de higiene y desinfección.","es conclusión de esta auditoría permitir la continuidad de ls actividades del establecimieto a la espera de la puesta en marcha de medidas resolutivas de las No Conformidades",,"001"
16,"est017",16,"05/05/11 00:00:00","condiciones edilicias- bpm-procesos de higiene y desinfección.",,,"falta dispositivo de provisión de agua caliente - debe remodelarse el sitio para desposte de las medias reses- falta tramitar carnet de manipulador.",,"es conclusión de esta auditoría otorgar el certificado de habilitación al establecimiento autoservicio el ceibo",,
17,"est018",17,"07/09/11 00:00:00","condiciones edilicias- procesos de higiene y desinfección- buenas practicas de manufactura","condiciones higiénico sanitarias y edilicias aceptables en general",,"faltan mallas antiplagas en aberturas- faltan conocimientos actualizados de buenas precticas de manufactura.",,"si bie deben establecerse medidas correctivas para las no conformidades especificadas en al apartado anterior estan dadas las condiciones mímimas indispensables para otorgar el alta del establecimiento",,
19,"est021",19,"04/24/11 00:00:00","condiciones edilicias- proceso de higiene y desinfección- bpm",,,"falta dispositivo de provisión de agua caliente-falta acondicionar dependencia para el lavado de vajilla-faltan mallas anti insectos en aberturas en general- deben afianzarse conceptos de bpm, higiene y desinfección",,"pese a las no conformidades destacadas, es conclusión de esta auditoría otorgar el certificado de habilitación al establecimiento "" Chanta 4 ""  entendiendo que estan dadaslas condiciones minimas indispensables para el funcionamieto delm mismo.",,
38,"EST035",38,"11/06/12 00:00:00","CONDICIONES EDILICIAS-BPM",,,"DEBE TRAMITARSE EL CARNET DE MANIPULADOR DE ALIMENTOS- DEBE COMPLETARSE INSTALACIÓN DE DISPOSITIVO DE PROVISIÓN DE AGUA FRIA Y CALIENTE PARA HIGIENE DE MANOS Y UTENSILIOS- DEBEN MEJORARES PINTURA Y MANPOSTERÍA DE FRISOS EN GENERAL Y DESIGNARSE ÁREAS","ESPECÍFICAS PARA EL ALMACENAMIENTO DE PRODUCTOS , INSUMOS DE HIGIENE Y ELABORACIÓN","ESTÁN DADAS LAS CONDICIONES MÍNIMAS INDISPENSABLES PARA EL ALTA DEL ESTABLECIMIENTO",,"01"
102,"est009",102,,"condiciones edilicias- BPM","Coindición general de higiene, exhibidores, equipamiento de refrigeración y condición edilicia del sector de despacho conforme a los requerimientpos de la actividad",,,,,,
10,"est002",10,"04/28/10 00:00:00","condiciones edilicias - procesos de higiene y desinfección- buenas precticas de manipulación",,,"falta afianzar conceptos de contaminacion cruzada",,"Es conclusion de esta auditoria permitir la continuidad de las actividades del establecimiento",,
12,"est002",12,"04/08/11 00:00:00","condiciones edilicias- procesos de higiene y desinfección",,,"faltan conceptos claros de BPM",,"estan dadas las condiciones para permitir la continuidad de las actividades del establecimiento",,
37,"EST051",37,"09/04/12 00:00:00","CONDICIONES EDILICIAS-BPM",,"0019","DEBE TRAMITARSE EL CARNET DE MANIPULADOR DE ALIMENTOS- FALTA PRESENTAR LIBRETAS SANITARIAS -DEBE COMPLETARSE INSTALACIÓN DE DISPOSITIVO DE PROVISION DE AGUA FRIA Y CALIENTE PARA MANOS Y UTENSILIOS.","DEBE MEJORARSE PINTURA Y MAMPOSTERIA DE FRISOS EN GENERAL Y DESIGNARSE ÁREAS ESPECÍFICAS PARA EL ALMACENAMIENTO DE PRODUCTOS,INSUMOSDE HIGIENE Y ELABORACIÓN","ESTAN DADAS LAS CONDICIONES MÍNIMAS INDISPENSABLES PARA EL ALTA DEL ESTABLECIMIENTO",,"001"
21,"est002",21,"09/15/11 00:00:00","Condiciones edilicias- Proceso de higiene y desinfección",,,"falta tramitar carnet de manipulador de personal y titular del establecimiento",,"Es conclusión de esta auditoría mantener el alta del establecimiento.",,
212,"EST204",212,"09/08/25 00:00:00","Documentación- Condiciones edilicias","Presentan fotocopias de DNI, CUIT y carnets de manipulación- Croquis acorde a requerimientos- Posee dispositivo de provisión de agua en área de almacén- Paredes , techo ( en zona de fiambreria soamente ) y pisos sanitariamente aptos",,"Falta carnets del personal- Falta dispositivos de provisión de detergente y desinfectante y materia para secado junto a bacha-  Depósito de residuos sin tapa-Techo del salon no sanitario( madera)",,"Se concluye que no obstante la no conformidades destacadas el establecimiento reune las condiciones mínimas indispensabes para el otorgamiento del alta requerida",,
26,"est022",26,"11/16/11 00:00:00","condiciones edilicias- buenas practicas de manufactura",,,"falta dispositivo de provisión de agua para lavado de manos y utensilios- deben tramitarse carnets de manipuladores- falta acondicionar sitio para depósito de mercaderias .",,"si bien deben establecerse medidas correctivas para las no conformidades especificadas en el apartado anterior estan dadas las condiciones mínimas indispensables para otorgar el alta del establecimiento.",,
95,"est023",95,"05/27/16 00:00:00"," condiciones edilicias- buenas prácticas de manufactura.","documentación general ( plano del local, Libretas sanitarias) acorde a los requerimientos.","0102","deben tramitarse carnets de bpm de titular- deben mejorarse condiciones de cielorraso, frisos y piso-debe disponerse provisón de agua en contigüidad con sector de corte de fiambres-debe independizarse sector comercial de depósito y ámbito doméstico-debe rNOMJGVTRCTGBHU",,"es conclusión de esta auditoría pese a las no conformidades destacadas otorgar el alta del establecimiento",,
89,"est090",89,"04/14/16 00:00:00","condiciomes edilicias -buenas practicas de manufactura","documentación (habilitación comercial comunal y L .sanitaria) acorde a los requerimientos",,"debe concretarse remodelación afectada a independizar completamente sector comercial de ambito domestico- debe impermeabilizarse friso adyacente a cortadora de fiambres y colocarse dispositivo de provisión de agua para higiene de manos y utensilios-","Debe tramitarse carnet de manipulación de BPM","es conclusión de esta auditoria pese a las no conformidades destacadas otorgar el alta del establecimiento",,"001"
88,"EST091",88,"04/04/16 00:00:00","CCONDICIONES EDILICIAS- BUENAS PRACTICAS DE BPM","DOCUMENTACIÓN (HABILITACIÓN COMERCIAL COMUNAL Y LIBRETA SANITARIA) ACORDE A LOS REQUERIMIENTOS DEL AREA. CAMARA DE REFRIGERACIÓN DE TAMAÑO Y UBICACIÓN ACORDE A LAS NECESIDADES DEL SERVICIO DE CARNICERÍA",,"DEBEN AJUSTARSE CONDUCTAS DE BPM ( NO CONSUMIR ALIMENTOS  NI INFUSIONES DURANTE LA MANIPULACIÓN)DEBEN REEMPLAZARSE EN CARNICERÍA TABLAS DE MADERA POR OTRAS QUE FAVOREZCAN EL DESARROLLO DE LOS PROCESOS DE SANITIZACIÓN.","DEBEN COMPLETARSE EN DEPÓSITO TAREAS DE REMODELACIÓN AFECTADAS A MEJORAS DE TECHOS Y FRISOS. DEBE TRAMITARSE CARNET DE BPM","ES CONCLUSIÓN DE ESTA AUDITORÍA PESE A LAS NO CONFORMIDADES DESTACADAS OTORGAR EL ALTA AL ESTABLECIMIENTO",,"001"
134,"est134",134,"07/30/19 00:00:00","Condiciones edilicias- BPM- Documentación","Documentación general acorde a requerimientos del área- Condiciones edilicias satisfactorias en términos generales.",,"Faltan carnets de manipulación segura y saludable del personal- Debe presentarse constancia de CUIT para completar legajo-Faltan dispositivos de provisión de agua en barras de despacho para higiene de manos y utensilios",,"Es conclusion de esta auditoria que etán dadas las condiciones mínimas indispensables para el otorgamiento del alta requerida",,
172,"est165",172,"11/23/21 00:00:00","Condiciones edilicias- documentación","se sostienen las conformidades destacadas en Acta Nº 171. Se constató la colacación de dispositivo de provision de agua  según se consigna en Acta Multifunción Nº 144"," Nº 144","Se sostienen las no conformidades destacadas en acta nº 171 con excepcion de la falta de dispositivo de provisión de agua en area de despacho según lo constatado en Acta Multifunción nº 144",,"Se concluye que si bien el establecimiento presenta no conformidades que demandan su oportuna resolución , estan dadas las condiciones mínimas indispensables para el otorgamiento del alta","Acta Multifuncion de Constatación",
181,"est173",181,"07/29/22 00:00:00","Documentacion - Condiciones edilicias","Documentacion  general acorde con requerimientos del área ( Fotocopia de DNI, Constancia de CUIL)- Frisos , cielorraso y piso conforme requerimientos sanitarios.",,"Falta carnet de manipulación segura y saludable de titular- Falta croquis del establecimiento",,"Se concluye que estan dadas las condiciones mínimas indispensables sanitarias para el otorgamiento del alta",,
178,"est170",178,"05/24/22 00:00:00","Documentación- Condiciones edilicias","Documentación general ( carnets de Manipulacion., fotocopias de DNI , Constancia de cuit, Croquis) acordes a requerimientos- Dispositivo de provision de agua, material descartable de secado y receptaculo de residuos en despacho",,"Faltan dispositivo de provisón de desinfectante  y detergente y cepillo para manos en  area de despacho",,"Están dadas las condiciones sanitarias y edilicias  minimas indispensables para el otorgamiento del alta solicitada",,
205,"Est199",205,,"Condiciones edilicias- Documentación","Presenta constancia de CUIT y carnets de manipulación de titular yun empleado. Presenta croquis del establecimiento.Piso, frisos y cielorraso aptos para actividad salvo excepciones   *","169","Faltan adjuntar carnets de manipulacion de empleados. Falta conectar dispositivo de provisión de agua de salón de ventas a desagüe -Faltan elementos de higiene y secado junto a dispositivo de agua en salón de ventas-**","* Expresadas en la No Conformidades
**Deben emplazarse la tarimas a una distancia prudente del piso que permita el desarrollo de los procesos diarios de sanitización- Debe evitarse el uso de esponjas de acero-","Es conclusión de esta auditoría estan dadas la condiciones mínimas para el otorgamiento del alta  requerida sin perjuicio de la revocación que cupiese de no constatarse la resolución de las No conformidades expresadas en un plazo prudente",,"Nº 205"
24,"est023",24,"10/14/11 00:00:00","Condiciones edilicias-procesos de higiene y desinfección-bpm",,,"falta carnet de manipulador de titular del establecimiento-deben blanquearse friosos,mejorarse condiciones del cielorraso e independizar  ámbito comercial de la vivienda-se recomienda involucrarse en cursos de buenas prácticas de manufactura",,"es conclusion de esta auditoría otorgar el alta del establecimiento pese a las no conformidades señaladas en el apartado anterior a la espera de la pronta resolución de las mismas",,
25,"est025",25,"11/16/11 00:00:00","condiciones edilicias-buenas practicas de manufactura",,,"falta dispositivo de provisión de agua caliente para lavado de manos y utensilios-deben tramitarse carnets de manipuladores- falta acondicionar sitio para preparacion de rebozados-",,"si bien deben establecerse medidas correctivas para las no conformidades destacadas en el apartado anterior estan dadas las condiciones mínimas indispenables para otorgar el alta del establecimiento",,
48,"est030",48,"06/19/13 00:00:00","condiciones edilicias-buenas prácticas de manufactura",,,"deben tramitarse carnets de manipuladores de alimentos- debe instalarse dispositivo de provisión de aua",,"es conclusión de esta auditiría pese a las no conformidades destacadas otorgar ek akta del establecimiento",,
43,"est036",43,"05/14/13 00:00:00","CONDICIONES EDILICIAS-BPM",,,"DEBE TRAMITARSE EL CARNET DE MANIPULADOR DE ALIMENTOS-DEBE INSTALARSE PROVISIÓN DE AGUA PARA HIGIENE DE MANOS Y UTENSILIOS",,"ESTAN DADAS LAS CONDICIONES MÍNIMAS INDISPENSABLES PARA EL ALTA DEL ESTABLECIMIENTO",,
44,"EST037",44,"05/27/13 00:00:00","CONDICIONES EDILICIAS- BUENAS PRÁCTICAS DE MANUFACTURA",,,"DEBEN TRAMITARSE LIBRETAS SANITARIAS Y CARNETS DE MANIPULADORES DEL PERSONAL",,"ES CONCLUSIÓN DE ESTA AUDITORÍA PESE A LAS NO CONFORMIDADES DESTACADAS OTORGAR EL ALTA DEL ESTABLECIMIENTO.",,
46,"EST038",46,"05/30/13 00:00:00","CONDICIONES EDILICIAS- BUENAS PRÁCTICAS DE MANUFACTURA",,,"DEBEN TRAMITARSE CARNETS DE MANIPULADORES DE ALIMENTOS- FALTAN NLIBRETAS SANITARIAS DEL PERSONAL",,"ES CONCLUSIÓN DE ESTA AUDITORÍA PESE A LAS NO CONFORMIDADE3S DESTACADAS OTORGAR EL ALTA AL ESTABLECIMIENTO",,
61,"EST042",61,"03/21/14 00:00:00","CONDICIONES EDILICIAS- BUENAS PRÁCTICAS DE MANUFACTURA",,,"DEBE DISPONERSE  UN MECANISMO DE PROVISIÓN DE AGUA PARA HIGIENE DE MANIPULADORES EN ÁMBITO DE DEPACHO- DEBEN COLOCARSE MALLAS ANTI PLAGAS EN ABERTURAS DE SALA PARA LAVADO DE VAJILLA-DEBE TRAMITARSE CARNET DE MANIPULADOR",,"ES CONCLUSIÓN DE ESTA AUDITORÍA PESE A LAS NO CONFORMIDADES DESTACADAS OTORGAR EL ALTA DEL ESTABLECIMIENTO DE REFERENCIA",,
58,"EST043",58,"12/13/13 00:00:00","CONDICONES EDILICIAS-BUENAS PRÁCTICAS DE MANUFACTURA",,,"DEBEN INCORPORARSE AL CARRO UN DISPOSITIVO DE PROVISIÓN DE AGUA CON DISPENSERS DE DESINFECTANTE Y DETERGENTE -",,,,
42,"est032",42,"04/12/13 00:00:00","condiciones edilicias- bpm",,,"debe tramitarse el carnet de manipulador de alimentos- debe instalarse dispositivo de provisión de agua para higiene de envases de depósito- deben mejorarse pintura y mampostería de frisos en general y procurar aislamiento de área de depósito de ambito de alojamiento de vehículos de transporte- debe actyualizarse libreta sanitaria","ALOJAMIENTO DE VEHÍCULOS DE TRANSPORTE- DEBE ACTUALIZARSE LIBRETA SANITARIA-","estan dadas las condiciones mínimas indispensables para el alta del establecimiento",,"01"
92,"EST045",92,"04/27/16 00:00:00","CONDICIONES EDILICIAS-BUENAS PRÁCTICAS DE BPM","DOCUMENTACIÓN ( HABILITACIÓN COMUNAL Y L . SANITARIA) ACORDE A LOS REQUERIMIENTOS. CONDICIÓN EDILICIA Y EQUIPAMIENTO DESALÓN DE ATENCIÓN AL PÚBLICO SATISFACTORIA AJUSTÁNDOSE A LOS REQUERIMIENTOS DEL EMPRENDIMIENTO",,"DEBEN TRAMITARSE CARNETS DE BPM DE TITULAR Y PERSONAL- DEBE REEMPLAZARSE MADERA DE LAS ESTIBAS DE DEPÓSITO POR MATERIAL APTO PARA EL DESARROLLO DE INSTRUCTIVOS DE SANITIZACIÓN-","-DEBEN PROPICIARSE LAS CONDICIONES QUE GARANTICEN LA HERMETICIDAD DEL CIERRE DE PORTONES DE DEPÓSITO","ES CONCLUSIÓN DE ESTA AUDITORIA PESE A LAS NO CONFORMIDADES DESTACADAS OTORGAR EL ALTA DEL ESTABLECIMIENTO",,"001"
39,"EST053",39,"12/13/12 00:00:00","CONDICIONES EDILICIAS- BUENAS PRÁCTICAS DE MANUFACTURA",,"0021","DEBEN ACONDICIONARSE FRISOS Y MEJORARASE EL ORDEN EN LA SALA DE ELABORACIÓN DE REBOZADOS Y PREPARACIÓN DE BANDEJAS DE ENSALADAS. DEBEN REFORZARSE CONCEPTOS DE BUENAS PRÁCTICAS DE MANUFACTURA A TRAVES DE LA TRAMITACIÓN DEL CARNET DE MANIPULADOR -","DEBEN PRESENTARSE LIBRETAS SANITARIAS DEL PERSONAL","ES CONCLUSIÓN DE ESTA AUDITORÍA PESE A LAS NO CONFORMIDADES DESTACADAS OTORGAR EL ALTA DEL ESTABLECIMIENTO",,"01"
50,"EST058",50,"07/29/13 00:00:00","CONDICONES EDILICIAS - BUENAS PRACTICAS DE MANUFACTURA",,,"DEBEN TRAMITARSE CARNETS DE MANIPULADORESD DE ALIMENTOS- DEBEN TRAMITARSE LIBRETAS SANITARIAS DEL PERSONAL- DEBE INSTALARSE DISPOSITIVO DE PROVISIÓN DE AGUA PARA HIGIENE DE MANOS.",,"ES CONCLUSIÓN DE ESTA AUDITORÍA PESE ALAS NO CONFORMIDADES DESTACADAS OTORGAR EL ALTA DEL ESTABLECIMIENTO",,
56,"EST062",56,"12/04/13 00:00:00","CONDICONES EDILICIAS - BUENAS PRACTICAS DE MANUFACTURA","CONDICIONES EDILICIAS APTAS PARA ELDESARROLLO DE LAS ACTIVIDADES PROPUESTAS",,"DEBEN TRAMITARSE CARNETS DE MANIPULADORES DE ALIMENTOS",,"ES CONCLUSIÓN DE ESTA AUDITORÍA ENTREGAR EL ALTA DEL ESTABLECIMIENTO",,
57,"EST063",57,"12/03/13 00:00:00","CONDICIONES EDILICIAS- BUENAS PRACTICAS DE MANUFACTURA",,,"DEBE DESARROLLARSE UN PROGRAMA DE MEJORAS QUE COMPRENDA REFACCIONES EN CIELORRASO Y FRISOS EN GENERAL PARA GARANTIZAR LOS PROCESOS DE HIGIENE DE LOS MISMOS- DEBEN EMPLAZARSE MALLAS ANTIPLAGAS EN ABERTURAS - DEBEN ACENTUARSE LOS PROCESOS DE HIGIENE","CON DETERGENTES ACIDOS EN ARTEFACTOS DE COCINA- DEBE ELIMINARSE EL ÓXIDO DE LOS REFRIGERADORES","ES CONCLUSIÓN DE ESTA AUDITORÍA PESE ALAS NO CONFORMIDADES DESTACADAS OTORGAR EL ALTA DEL ESTABLECIMIENTO",,"001"
60,"EST064",60,"02/20/14 00:00:00","CONDICIONES EDILICIAS-BUENAS PRÁCTICAS DE MANUFACTURA",,"Nº 063","DEBEN RESOLVERSE ASPECTOS RELACIONADOS CON CONTROLES DE CALIDAD DEL AGUA, INSCRIPCIÓN DEL PRODUCTO ALIMENTICIO LOCAL, DOCUMENTACIÓN DE PROCEDENCIA DE ENVASES, PLANIFICACIÓN DE LA ELABORACIÓN, HIGIENE Y DESINFECCIÓN Y MANEJO INTEGRADO DE PLAGAS SEGÚN LO",,"ES CONCLUSIÓN DE ESTA AUDITORÍA PESE A LAS NO CONFORMIDADES DESTACADAS OTORGAR EL ALTA DEL ESTABLECIMIENTO DE REFERENCIA","001","REFERIDO EN ACTA MULTIFUNCIÓN Mº 063  DE 20/02/2014- DEBE TRAMITARSE CARNET DE MANIPULADOR"
71,"EST066",71,"12/03/14 00:00:00","CONDICIONES EDILICIAS-BUENAS PRÁCTICAS DE MANUFACTURA",,,"DEBE TRAMITARSE CARNET DE AMNIPULADOR - DEBEN ELIMINARSE DEL DEPÓSITO ELEMENTPOS DE NATURALEZA NO ALIMENTICIA - DEBE  ALOJARSE EL PAN EN RECEPTÁCULOS SANITARIAMENTE APTOS , NO NACCESIBLES A LA MANIPULACIÓN DE LOS CONSUMIDORES- DEBE REEMPLAZARSE LA MADERA DE LAS TARIMAS DE","DE LAS TARIMAS DEL DEPÓSITO POR UN  MATERIAL QUE PERMITA LA OPTIMIZACIÓN DEL PROCESO DE HIGIENE Y DESINFECCIÓN","ES CONCLUSIÓN DE ESTA AUDITORIA PESE A LAS NO CONFORMIDADES DESTACADAS OTORGAR EL ALTA DEL ESTABLECIMIENTO",,"001"
